crop_id,crop_name,market,date,price
wheat,Wheat,Delhi,2025-12-01,2400
wheat,Wheat,Delhi,2025-12-08,2435
wheat,Wheat,Delhi,2025-12-15,2450
wheat,Wheat,Jaipur,2025-12-01,2340
wheat,Wheat,Jaipur,2025-12-08,2375
wheat,Wheat,Jaipur,2025-12-15,2395
wheat,Wheat,Chandigarh,2025-12-01,2415
wheat,Wheat,Chandigarh,2025-12-08,2440
wheat,Wheat,Chandigarh,2025-12-15,2465
rice,Rice,Lucknow,2025-12-01,3000
rice,Rice,Lucknow,2025-12-08,3060
rice,Rice,Lucknow,2025-12-15,3100
rice,Rice,Patna,2025-12-01,2940
rice,Rice,Patna,2025-12-08,2985
rice,Rice,Patna,2025-12-15,3020
rice,Rice,Varanasi,2025-12-01,2975
rice,Rice,Varanasi,2025-12-08,3015
rice,Rice,Varanasi,2025-12-15,3050
maize,Maize,Indore,2025-12-01,2050
maize,Maize,Indore,2025-12-08,2085
maize,Maize,Indore,2025-12-15,2100
maize,Maize,Bhopal,2025-12-01,2015
maize,Maize,Bhopal,2025-12-08,2040
maize,Maize,Bhopal,2025-12-15,2065
maize,Maize,Nagpur,2025-12-01,2075
maize,Maize,Nagpur,2025-12-08,2105
maize,Maize,Nagpur,2025-12-15,2125
cotton,Cotton,Rajkot,2025-12-01,6425
cotton,Cotton,Rajkot,2025-12-08,6480
cotton,Cotton,Rajkot,2025-12-15,6515
cotton,Cotton,Hyderabad,2025-12-01,6360
cotton,Cotton,Hyderabad,2025-12-08,6410
cotton,Cotton,Hyderabad,2025-12-15,6465
cotton,Cotton,Aurangabad,2025-12-01,6385
cotton,Cotton,Aurangabad,2025-12-08,6430
cotton,Cotton,Aurangabad,2025-12-15,6470
onion,Onion,Nashik,2025-12-01,1820
onion,Onion,Nashik,2025-12-08,1885
onion,Onion,Nashik,2025-12-15,1930
onion,Onion,Pune,2025-12-01,1765
onion,Onion,Pune,2025-12-08,1810
onion,Onion,Pune,2025-12-15,1860
onion,Onion,Hyderabad,2025-12-01,1790
onion,Onion,Hyderabad,2025-12-08,1835
onion,Onion,Hyderabad,2025-12-15,1885
potato,Potato,Agra,2025-12-01,1580
potato,Potato,Agra,2025-12-08,1625
potato,Potato,Agra,2025-12-15,1660
potato,Potato,Kanpur,2025-12-01,1545
potato,Potato,Kanpur,2025-12-08,1590
potato,Potato,Kanpur,2025-12-15,1635
potato,Potato,Kolkata,2025-12-01,1610
potato,Potato,Kolkata,2025-12-08,1655
potato,Potato,Kolkata,2025-12-15,1695
soybean,Soybean,Indore,2025-12-01,4280
soybean,Soybean,Indore,2025-12-08,4345
soybean,Soybean,Indore,2025-12-15,4390
soybean,Soybean,Nagpur,2025-12-01,4235
soybean,Soybean,Nagpur,2025-12-08,4290
soybean,Soybean,Nagpur,2025-12-15,4355
soybean,Soybean,Akola,2025-12-01,4255
soybean,Soybean,Akola,2025-12-08,4315
soybean,Soybean,Akola,2025-12-15,4375
tomato,Tomato,Bengaluru,2025-12-01,1320
tomato,Tomato,Bengaluru,2025-12-08,1385
tomato,Tomato,Bengaluru,2025-12-15,1455
tomato,Tomato,Pune,2025-12-01,1285
tomato,Tomato,Pune,2025-12-08,1340
tomato,Tomato,Pune,2025-12-15,1410
tomato,Tomato,Nashik,2025-12-01,1305
tomato,Tomato,Nashik,2025-12-08,1360
tomato,Tomato,Nashik,2025-12-15,1435
